application_id,customer_id,applied_at,product,channel,requested_amount,term_months,credit_score,status
APP_000001,CUST_00053,2025-12-31,TARJETA,PARTNER,150000,3,464,REJECTED
APP_000002,CUST_00224,2025-02-16,PERSONAL,SUCURSAL,150000,3,724,APPROVED
APP_000003,CUST_00042,2025-07-11,PERSONAL,APP,50000,24,643,REJECTED
APP_000004,CUST_00242,2025-12-23,PERSONAL,SUCURSAL,200000,12,930,APPROVED
APP_000005,CUST_00077,2025-10-08,TARJETA,WEB,200000,3,595,APPROVED
APP_000006,CUST_00235,2025-02-02,PERSONAL,SUCURSAL,200000,18,848,APPROVED
APP_000007,CUST_00074,2025-05-30,CONSUMO,APP,150000,6,884,APPROVED
APP_000008,CUST_00185,2025-02-04,TARJETA,WEB,750000,18,867,APPROVED
APP_000009,CUST_00199,2025-07-11,CONSUMO,SUCURSAL,150000,3,653,APPROVED
APP_000010,CUST_00298,2025-06-20,PERSONAL,APP,300000,9,479,REJECTED
APP_000011,CUST_00246,2025-11-20,PERSONAL,SUCURSAL,50000,24,768,APPROVED
APP_000012,CUST_00022,2025-06-11,CONSUMO,WEB,750000,18,784,APPROVED
APP_000013,CUST_00183,2025-01-25,TARJETA,APP,50000,9,747,REJECTED
APP_000014,CUST_00198,2025-06-23,PERSONAL,WEB,200000,9,831,APPROVED
APP_000015,CUST_00221,2025-11-05,PERSONAL,WEB,150000,3,381,REJECTED
APP_000016,CUST_00219,2025-03-27,TARJETA,APP,200000,3,661,APPROVED
APP_000017,CUST_00030,2025-02-08,TARJETA,WEB,150000,18,463,PENDING
APP_000018,CUST_00225,2025-01-18,PERSONAL,APP,750000,24,675,APPROVED
APP_000019,CUST_00079,2025-12-14,CONSUMO,PARTNER,150000,12,378,REJECTED
APP_000020,CUST_00143,2025-05-08,PERSONAL,APP,100000,12,830,APPROVED
APP_000021,CUST_00134,2025-12-27,CONSUMO,APP,300000,9,802,APPROVED
APP_000022,CUST_00089,2025-08-16,PERSONAL,SUCURSAL,750000,9,655,APPROVED
APP_000023,CUST_00154,2025-03-22,TARJETA,SUCURSAL,500000,24,478,REJECTED
APP_000024,CUST_00103,2025-03-13,PERSONAL,SUCURSAL,50000,9,867,APPROVED
APP_000025,CUST_00067,2025-11-10,PERSONAL,APP,200000,24,790,APPROVED
APP_000026,CUST_00038,2025-03-06,CONSUMO,WEB,200000,12,829,APPROVED
APP_000027,CUST_00094,2025-03-08,CONSUMO,WEB,750000,3,427,REJECTED
APP_000028,CUST_00116,2025-06-27,TARJETA,PARTNER,750000,3,556,APPROVED
APP_000029,CUST_00156,2025-11-11,TARJETA,APP,500000,6,906,PENDING
APP_000030,CUST_00173,2025-10-16,PERSONAL,SUCURSAL,50000,3,346,PENDING
APP_000031,CUST_00108,2025-10-20,CONSUMO,WEB,50000,12,942,APPROVED
APP_000032,CUST_00126,2025-12-17,CONSUMO,APP,50000,24,361,REJECTED
APP_000033,CUST_00175,2025-11-07,PERSONAL,APP,500000,9,653,PENDING
APP_000034,CUST_00288,2025-02-24,CONSUMO,APP,50000,9,760,APPROVED
APP_000035,CUST_00197,2025-11-12,CONSUMO,APP,750000,6,635,PENDING
APP_000036,CUST_00082,2025-09-13,TARJETA,WEB,150000,12,323,APPROVED
APP_000037,CUST_00124,2025-04-21,TARJETA,APP,50000,9,806,APPROVED
APP_000038,CUST_00147,2025-10-02,PERSONAL,SUCURSAL,200000,6,570,REJECTED
APP_000039,CUST_00206,2025-01-27,TARJETA,WEB,150000,18,595,APPROVED
APP_000040,CUST_00144,2025-11-16,TARJETA,WEB,100000,3,703,APPROVED
APP_000041,CUST_00188,2025-03-15,PERSONAL,WEB,200000,18,341,APPROVED
APP_000042,CUST_00243,2025-09-23,CONSUMO,APP,300000,6,635,PENDING
APP_000043,CUST_00154,2025-10-31,CONSUMO,WEB,300000,18,801,APPROVED
APP_000044,CUST_00189,2025-06-19,TARJETA,APP,200000,18,615,REJECTED
APP_000045,CUST_00014,2025-11-02,CONSUMO,APP,500000,18,891,APPROVED
APP_000046,CUST_00269,2025-11-19,TARJETA,WEB,750000,12,451,REJECTED
APP_000047,CUST_00057,2025-04-08,PERSONAL,APP,200000,6,722,APPROVED
APP_000048,CUST_00242,2025-02-01,TARJETA,APP,100000,18,632,PENDING
APP_000049,CUST_00089,2025-08-24,TARJETA,APP,150000,24,570,REJECTED
APP_000050,CUST_00286,2025-06-02,PERSONAL,PARTNER,150000,9,512,REJECTED
APP_000051,CUST_00287,2025-05-21,CONSUMO,APP,500000,18,688,REJECTED
APP_000052,CUST_00075,2025-05-29,PERSONAL,APP,500000,3,654,PENDING
APP_000053,CUST_00110,2025-04-14,TARJETA,APP,300000,24,578,APPROVED
APP_000054,CUST_00125,2025-01-26,TARJETA,PARTNER,100000,24,538,APPROVED
APP_000055,CUST_00052,2025-12-15,PERSONAL,APP,300000,6,716,APPROVED
APP_000056,CUST_00103,2025-05-28,CONSUMO,APP,50000,3,887,APPROVED
APP_000057,CUST_00020,2025-03-31,CONSUMO,PARTNER,100000,3,706,REJECTED
APP_000058,CUST_00149,2025-01-20,PERSONAL,APP,300000,3,643,APPROVED
APP_000059,CUST_00253,2025-03-10,TARJETA,WEB,100000,3,638,APPROVED
APP_000060,CUST_00096,2025-01-08,TARJETA,APP,150000,18,497,REJECTED
APP_000061,CUST_00219,2025-09-21,CONSUMO,APP,500000,3,489,PENDING
APP_000062,CUST_00004,2025-05-14,CONSUMO,APP,750000,9,637,APPROVED
APP_000063,CUST_00185,2025-12-21,PERSONAL,APP,50000,12,614,APPROVED
APP_000064,CUST_00160,2025-12-20,PERSONAL,WEB,150000,9,929,APPROVED
APP_000065,CUST_00233,2025-11-07,CONSUMO,APP,300000,12,850,REJECTED
APP_000066,CUST_00042,2025-09-27,CONSUMO,WEB,150000,3,877,APPROVED
APP_000067,CUST_00104,2025-10-21,TARJETA,APP,150000,18,752,APPROVED
APP_000068,CUST_00047,2025-09-19,CONSUMO,SUCURSAL,200000,6,825,APPROVED
APP_000069,CUST_00158,2025-01-12,CONSUMO,APP,50000,24,523,REJECTED
APP_000070,CUST_00033,2025-10-05,PERSONAL,PARTNER,50000,12,332,REJECTED
APP_000071,CUST_00216,2025-07-11,CONSUMO,APP,200000,12,382,REJECTED
APP_000072,CUST_00179,2025-03-02,PERSONAL,PARTNER,-200000,18,430,REJECTED
APP_000073,CUST_00012,2025-06-02,CONSUMO,WEB,300000,12,844,APPROVED
APP_000074,CUST_00080,2025-05-22,PERSONAL,PARTNER,500000,3,332,REJECTED
APP_000075,CUST_00009,2025-05-04,PERSONAL,APP,300000,3,757,APPROVED
APP_000076,CUST_00023,2025-07-25,CONSUMO,APP,100000,3,443,REJECTED
APP_000077,CUST_00295,2025-06-13,TARJETA,WEB,500000,9,542,APPROVED
APP_000078,CUST_00114,2025-07-31,CONSUMO,APP,300000,18,479,REJECTED
APP_000079,CUST_00177,2025-11-26,TARJETA,APP,300000,9,726,APPROVED
APP_000080,CUST_00276,2025-08-31,PERSONAL,SUCURSAL,150000,24,447,REJECTED
APP_000081,CUST_00214,2025-10-13,TARJETA,APP,100000,9,508,APPROVED
APP_000082,CUST_00190,2025-02-17,TARJETA,SUCURSAL,100000,3,574,APPROVED
APP_000083,CUST_00038,2025-04-07,TARJETA,SUCURSAL,300000,6,790,APPROVED
APP_000084,CUST_00008,2025-04-19,PERSONAL,PARTNER,50000,24,790,PENDING
APP_000085,CUST_00204,2025-05-03,TARJETA,APP,150000,12,777,APPROVED
APP_000086,CUST_00263,2025-09-12,CONSUMO,APP,500000,12,627,PENDING
APP_000087,CUST_00289,2025-04-24,TARJETA,APP,150000,18,898,APPROVED
APP_000088,CUST_00169,2025-04-28,CONSUMO,WEB,100000,12,863,APPROVED
APP_000089,CUST_00251,2025-11-25,TARJETA,WEB,100000,24,660,APPROVED
APP_000090,CUST_00278,2025-11-25,PERSONAL,WEB,750000,3,349,REJECTED
APP_000091,CUST_00119,2025-02-04,TARJETA,APP,100000,18,766,APPROVED
APP_000092,CUST_00248,2025-12-04,CONSUMO,APP,300000,18,721,APPROVED
APP_000093,CUST_00147,2025-01-09,TARJETA,SUCURSAL,500000,12,483,APPROVED
APP_000094,CUST_00099,2025-11-14,TARJETA,APP,150000,9,706,APPROVED
APP_000095,CUST_00125,2025-12-23,PERSONAL,APP,750000,3,332,APPROVED
APP_000096,CUST_00029,2025-11-23,PERSONAL,SUCURSAL,50000,12,744,APPROVED
APP_000097,CUST_00049,2025-09-28,PERSONAL,APP,750000,24,880,APPROVED
APP_000098,CUST_00144,2025-10-06,TARJETA,WEB,100000,9,316,PENDING
APP_000099,CUST_00204,2025-02-09,CONSUMO,APP,100000,18,698,APPROVED
APP_000100,CUST_00072,2025-12-19,TARJETA,APP,500000,9,354,APPROVED
APP_000101,CUST_00204,2025-06-17,PERSONAL,WEB,750000,12,802,APPROVED
APP_000102,CUST_00096,2025-12-15,TARJETA,WEB,50000,18,602,REJECTED
APP_000103,CUST_00079,2025-07-14,TARJETA,SUCURSAL,-100000,24,698,APPROVED
APP_000104,CUST_00158,2025-08-16,CONSUMO,SUCURSAL,50000,6,389,REJECTED
APP_000105,CUST_00209,2025-02-22,PERSONAL,APP,300000,3,911,APPROVED
APP_000106,CUST_00150,2025-07-31,CONSUMO,SUCURSAL,500000,18,548,REJECTED
APP_000107,CUST_00072,2025-05-18,CONSUMO,APP,100000,3,471,REJECTED
APP_000108,CUST_00040,2025-07-04,CONSUMO,PARTNER,500000,24,807,APPROVED
APP_000109,CUST_00156,2025-01-04,CONSUMO,APP,300000,12,637,APPROVED
APP_000110,CUST_00070,2025-06-03,CONSUMO,WEB,500000,6,790,APPROVED
APP_000111,CUST_00150,2025-12-22,TARJETA,WEB,300000,6,633,APPROVED
APP_000112,CUST_00059,2025-10-16,PERSONAL,WEB,300000,6,863,APPROVED
APP_000113,CUST_00108,2025-08-13,CONSUMO,SUCURSAL,50000,12,811,APPROVED
APP_000114,CUST_00079,2025-08-05,CONSUMO,APP,300000,12,896,APPROVED
APP_000115,CUST_00215,2025-10-06,PERSONAL,SUCURSAL,150000,24,849,APPROVED
APP_000116,CUST_00128,2025-12-03,TARJETA,APP,500000,18,345,REJECTED
APP_000117,CUST_00170,2025-08-09,PERSONAL,APP,150000,6,822,APPROVED
APP_000118,CUST_00114,2025-08-17,CONSUMO,APP,750000,24,902,APPROVED
APP_000119,CUST_00248,2025-02-23,CONSUMO,APP,50000,3,445,REJECTED
APP_000120,CUST_00267,2025-09-05,CONSUMO,WEB,200000,24,763,APPROVED
APP_000121,CUST_00059,2025-01-12,CONSUMO,WEB,500000,6,549,REJECTED
APP_000122,CUST_00219,2025-08-25,PERSONAL,SUCURSAL,500000,6,490,REJECTED
APP_000123,CUST_00102,2025-08-19,TARJETA,APP,50000,24,519,APPROVED
APP_000124,CUST_00033,2025-10-23,PERSONAL,SUCURSAL,300000,6,674,APPROVED
APP_000125,CUST_00251,2025-09-28,TARJETA,APP,200000,18,701,APPROVED
APP_000126,CUST_00089,2025-12-11,TARJETA,SUCURSAL,300000,18,386,REJECTED
APP_000127,CUST_00060,2025-04-04,CONSUMO,WEB,300000,12,728,APPROVED
APP_000128,CUST_00250,2025-11-22,TARJETA,WEB,500000,6,868,APPROVED
APP_000129,CUST_00231,2025-11-14,PERSONAL,PARTNER,50000,12,439,REJECTED
APP_000130,CUST_00254,2025-07-29,TARJETA,WEB,500000,12,800,APPROVED
APP_000131,CUST_00113,2025-05-30,PERSONAL,APP,300000,9,472,REJECTED
APP_000132,CUST_00254,2025-10-09,TARJETA,APP,50000,9,856,REJECTED
APP_000133,CUST_00022,2025-08-14,TARJETA,APP,200000,3,553,APPROVED
APP_000134,CUST_00179,2025-02-14,CONSUMO,PARTNER,50000,6,514,REJECTED
APP_000135,CUST_00220,2025-03-26,TARJETA,APP,100000,6,360,REJECTED
APP_000136,CUST_00087,2025-06-15,TARJETA,APP,300000,9,826,PENDING
APP_000137,CUST_00211,2025-01-31,CONSUMO,PARTNER,100000,24,435,REJECTED
APP_000138,CUST_00202,2025-09-08,PERSONAL,WEB,150000,24,724,APPROVED
APP_000139,CUST_00048,2025-07-26,TARJETA,SUCURSAL,-500000,9,765,PENDING
APP_000140,CUST_00048,2025-08-23,TARJETA,WEB,150000,3,847,APPROVED
APP_000141,CUST_00254,2025-05-18,CONSUMO,SUCURSAL,150000,18,891,APPROVED
APP_000142,CUST_00025,2025-01-24,PERSONAL,WEB,750000,12,316,APPROVED
APP_000143,CUST_00001,2025-08-08,PERSONAL,PARTNER,100000,24,609,APPROVED
APP_000144,CUST_00185,2025-05-09,PERSONAL,APP,500000,6,353,REJECTED
APP_000145,CUST_00120,2025-08-08,TARJETA,APP,50000,3,518,REJECTED
APP_000146,CUST_00228,2025-01-05,PERSONAL,WEB,750000,3,732,APPROVED
APP_000147,CUST_00046,2025-02-22,PERSONAL,APP,150000,6,691,REJECTED
APP_000148,CUST_00074,2025-02-05,TARJETA,WEB,300000,24,468,REJECTED
APP_000149,CUST_00078,2025-07-30,TARJETA,WEB,750000,6,388,REJECTED
APP_000150,CUST_00197,2025-06-29,CONSUMO,APP,100000,6,583,REJECTED
APP_000151,CUST_00146,2025-12-20,PERSONAL,SUCURSAL,500000,9,510,REJECTED
APP_000152,CUST_00152,2025-11-27,PERSONAL,SUCURSAL,750000,6,806,APPROVED
APP_000153,CUST_00037,2025-09-28,PERSONAL,PARTNER,150000,6,696,REJECTED
APP_000154,CUST_00089,2025-08-30,PERSONAL,APP,50000,3,568,APPROVED
APP_000155,CUST_00204,2025-09-17,CONSUMO,WEB,300000,12,733,APPROVED
APP_000156,CUST_00079,2025-05-23,PERSONAL,APP,300000,6,459,REJECTED
APP_000157,CUST_00034,2025-06-08,TARJETA,APP,750000,6,359,REJECTED
APP_000158,CUST_00029,2025-06-08,TARJETA,SUCURSAL,500000,6,422,APPROVED
APP_000159,CUST_00255,2025-06-27,TARJETA,WEB,750000,24,565,APPROVED
APP_000160,CUST_00138,2025-03-02,PERSONAL,APP,200000,9,836,APPROVED
APP_000161,CUST_00040,2025-09-12,CONSUMO,WEB,50000,12,880,APPROVED
APP_000162,CUST_00294,2025-12-12,TARJETA,APP,500000,18,302,APPROVED
APP_000163,CUST_00242,2025-07-06,CONSUMO,PARTNER,100000,3,866,REJECTED
APP_000164,CUST_00115,2025-06-14,PERSONAL,APP,500000,9,577,REJECTED
APP_000165,CUST_00027,2025-04-02,PERSONAL,SUCURSAL,50000,12,370,REJECTED
APP_000166,CUST_00160,2025-06-17,PERSONAL,WEB,50000,9,505,APPROVED
APP_000167,CUST_00125,2025-08-26,CONSUMO,WEB,-200000,6,859,REJECTED
APP_000168,CUST_00210,2025-01-13,PERSONAL,WEB,,24,309,PENDING
APP_000169,CUST_00158,2025-02-23,PERSONAL,WEB,100000,12,803,PENDING
APP_000170,CUST_00144,2025-02-17,PERSONAL,PARTNER,750000,18,722,APPROVED
APP_000171,CUST_00044,2025-10-25,PERSONAL,WEB,500000,12,376,REJECTED
APP_000172,CUST_00067,2025-05-02,CONSUMO,APP,150000,12,634,APPROVED
APP_000173,CUST_00104,2025-03-11,TARJETA,APP,50000,6,760,APPROVED
APP_000174,CUST_00107,2025-08-20,CONSUMO,WEB,750000,3,392,REJECTED
APP_000175,CUST_00021,2025-04-21,CONSUMO,APP,500000,6,664,APPROVED
APP_000176,CUST_00090,2025-01-16,CONSUMO,PARTNER,300000,24,863,APPROVED
APP_000177,CUST_00072,2025-03-04,PERSONAL,APP,750000,6,433,REJECTED
APP_000178,CUST_00044,2025-10-26,TARJETA,APP,750000,3,322,PENDING
APP_000179,CUST_00066,2025-02-17,CONSUMO,APP,200000,3,472,PENDING
APP_000180,CUST_00255,2025-01-16,CONSUMO,WEB,100000,9,519,PENDING
APP_000181,CUST_00077,2025-01-18,TARJETA,WEB,100000,24,602,REJECTED
APP_000182,CUST_00045,2025-05-24,CONSUMO,APP,100000,24,838,APPROVED
APP_000183,CUST_00010,2025-07-15,TARJETA,APP,300000,12,652,PENDING
APP_000184,CUST_00093,2025-01-14,CONSUMO,WEB,50000,9,359,REJECTED
APP_000185,CUST_00300,2025-04-30,PERSONAL,APP,500000,6,572,REJECTED
APP_000186,CUST_00113,2025-10-22,CONSUMO,APP,750000,6,480,REJECTED
APP_000187,CUST_00184,2025-10-30,PERSONAL,SUCURSAL,150000,18,877,APPROVED
APP_000188,CUST_00253,2025-10-05,CONSUMO,APP,50000,3,357,REJECTED
APP_000189,CUST_00001,2025-06-19,TARJETA,APP,100000,9,481,PENDING
APP_000190,CUST_00012,2025-03-17,TARJETA,SUCURSAL,100000,3,838,REJECTED
APP_000191,CUST_00203,2025-10-28,PERSONAL,APP,150000,6,461,REJECTED
APP_000192,CUST_00250,2025-11-29,CONSUMO,APP,300000,24,928,REJECTED
APP_000193,CUST_00090,2025-07-13,CONSUMO,SUCURSAL,150000,6,481,REJECTED
APP_000194,CUST_00201,2025-10-18,PERSONAL,APP,150000,18,526,REJECTED
APP_000195,CUST_00170,2025-02-09,PERSONAL,APP,150000,6,390,REJECTED
APP_000196,CUST_00172,2025-08-17,PERSONAL,APP,100000,24,369,REJECTED
APP_000197,CUST_00025,2025-07-17,CONSUMO,SUCURSAL,100000,12,804,REJECTED
APP_000198,CUST_00246,2025-10-23,TARJETA,SUCURSAL,100000,6,762,APPROVED
APP_000199,CUST_00164,2025-05-14,PERSONAL,APP,100000,12,464,REJECTED
APP_000200,CUST_00048,2025-06-23,TARJETA,PARTNER,200000,24,331,REJECTED
APP_000201,CUST_00223,2025-03-22,PERSONAL,APP,100000,6,719,APPROVED
APP_000202,CUST_00136,2025-12-05,CONSUMO,APP,50000,3,702,APPROVED
APP_000203,CUST_00185,2025-01-02,CONSUMO,APP,750000,24,940,APPROVED
APP_000204,CUST_00088,2025-11-23,CONSUMO,PARTNER,200000,3,615,REJECTED
APP_000205,CUST_00136,2025-02-16,TARJETA,WEB,100000,9,690,APPROVED
APP_000206,CUST_00239,2025-05-15,PERSONAL,SUCURSAL,300000,3,454,REJECTED
APP_000207,CUST_00177,2025-10-05,CONSUMO,PARTNER,300000,6,866,APPROVED
APP_000208,CUST_00275,2025-12-18,CONSUMO,WEB,100000,12,606,APPROVED
APP_000209,CUST_00258,2025-10-20,TARJETA,SUCURSAL,500000,18,450,APPROVED
APP_000210,CUST_00086,2025-04-19,PERSONAL,APP,200000,3,745,APPROVED
APP_000211,CUST_00133,2025-06-13,TARJETA,PARTNER,50000,3,697,APPROVED
APP_000212,CUST_00267,2025-08-23,PERSONAL,SUCURSAL,300000,18,835,REJECTED
APP_000213,CUST_00291,2025-10-29,TARJETA,SUCURSAL,50000,3,876,REJECTED
APP_000214,CUST_00177,2025-07-30,CONSUMO,APP,200000,18,923,APPROVED
APP_000215,CUST_00206,2025-01-20,CONSUMO,PARTNER,150000,24,543,APPROVED
APP_000216,CUST_00191,2025-01-11,CONSUMO,SUCURSAL,150000,9,587,REJECTED
APP_000217,CUST_00117,2025-03-10,CONSUMO,PARTNER,200000,9,575,REJECTED
APP_000218,CUST_00227,2025-04-19,CONSUMO,SUCURSAL,750000,18,682,REJECTED
APP_000219,CUST_00160,2025-12-30,TARJETA,APP,750000,18,882,APPROVED
APP_000220,CUST_00030,2025-05-08,PERSONAL,WEB,150000,24,503,APPROVED
APP_000221,CUST_00064,2025-12-15,PERSONAL,APP,200000,18,756,APPROVED
APP_000222,CUST_00180,2025-06-26,PERSONAL,SUCURSAL,150000,24,392,REJECTED
APP_000223,CUST_00293,2025-04-20,PERSONAL,WEB,500000,6,575,REJECTED
APP_000224,CUST_00005,2025-08-31,PERSONAL,WEB,300000,3,529,APPROVED
APP_000225,CUST_00141,2025-08-05,CONSUMO,PARTNER,200000,9,523,REJECTED
APP_000226,CUST_00204,2025-10-27,PERSONAL,APP,500000,9,874,APPROVED
APP_000227,CUST_00056,2025-09-04,PERSONAL,APP,150000,24,632,REJECTED
APP_000228,CUST_00153,2025-04-07,PERSONAL,WEB,100000,3,914,APPROVED
APP_000229,CUST_00014,2025-12-02,CONSUMO,PARTNER,150000,12,714,APPROVED
APP_000230,CUST_00293,2025-04-08,CONSUMO,SUCURSAL,100000,24,847,APPROVED
APP_000231,CUST_00184,2025-09-17,CONSUMO,SUCURSAL,750000,24,871,APPROVED
APP_000232,CUST_00133,2025-10-14,PERSONAL,PARTNER,150000,24,391,REJECTED
APP_000233,CUST_00216,2025-06-19,CONSUMO,APP,150000,12,420,REJECTED
APP_000234,CUST_00037,2025-08-30,PERSONAL,WEB,750000,24,690,APPROVED
APP_000235,CUST_00078,2025-03-12,PERSONAL,APP,300000,12,446,REJECTED
APP_000236,CUST_00250,2025-06-20,TARJETA,PARTNER,150000,24,359,APPROVED
APP_000237,CUST_00087,2025-10-23,PERSONAL,WEB,750000,3,432,REJECTED
APP_000238,CUST_00245,2025-07-16,PERSONAL,APP,100000,24,682,PENDING
APP_000239,CUST_00272,2025-04-08,PERSONAL,WEB,500000,24,554,APPROVED
APP_000240,CUST_00053,2025-07-16,TARJETA,WEB,100000,3,346,REJECTED
APP_000241,CUST_00269,2025-06-22,CONSUMO,PARTNER,100000,9,801,APPROVED
APP_000242,CUST_00207,2025-01-10,PERSONAL,APP,100000,6,322,REJECTED
APP_000243,CUST_00020,2025-07-12,TARJETA,APP,300000,18,349,REJECTED
APP_000244,CUST_00011,2025-01-25,TARJETA,APP,200000,12,426,REJECTED
APP_000245,CUST_00005,2025-06-04,CONSUMO,WEB,500000,18,576,REJECTED
APP_000246,CUST_00054,2025-09-19,TARJETA,WEB,150000,3,408,REJECTED
APP_000247,CUST_00268,2025-04-14,CONSUMO,SUCURSAL,150000,6,340,REJECTED
APP_000248,CUST_00247,2025-06-19,PERSONAL,APP,500000,3,413,REJECTED
APP_000249,CUST_00047,2025-09-19,PERSONAL,SUCURSAL,50000,9,536,REJECTED
APP_000250,CUST_00026,2025-02-21,PERSONAL,PARTNER,750000,9,668,REJECTED
APP_000251,CUST_00049,2025-01-24,PERSONAL,PARTNER,500000,24,474,REJECTED
APP_000252,CUST_00138,2025-02-17,CONSUMO,SUCURSAL,100000,3,710,APPROVED
APP_000253,CUST_00245,2025-08-04,TARJETA,PARTNER,100000,3,435,REJECTED
APP_000254,CUST_00082,2025-02-23,CONSUMO,PARTNER,200000,18,748,APPROVED
APP_000255,CUST_00015,2025-12-17,TARJETA,PARTNER,100000,12,799,APPROVED
APP_000256,CUST_00134,2025-12-02,CONSUMO,APP,750000,24,837,REJECTED
APP_000257,CUST_00174,2025-09-23,TARJETA,WEB,300000,3,743,APPROVED
APP_000258,CUST_00198,2025-03-18,TARJETA,PARTNER,300000,3,311,REJECTED
APP_000259,CUST_00254,2025-03-26,PERSONAL,SUCURSAL,150000,6,638,PENDING
APP_000260,CUST_00194,2025-07-26,PERSONAL,APP,200000,18,758,APPROVED
APP_000261,CUST_00255,2025-12-01,PERSONAL,APP,200000,3,870,APPROVED
APP_000262,CUST_00156,2025-09-18,TARJETA,APP,500000,12,649,APPROVED
APP_000263,CUST_00233,2025-06-19,TARJETA,SUCURSAL,300000,12,672,APPROVED
APP_000264,CUST_00114,2025-01-02,CONSUMO,APP,500000,9,860,APPROVED
APP_000265,CUST_00085,2025-09-10,PERSONAL,SUCURSAL,500000,24,719,APPROVED
APP_000266,CUST_00202,2025-04-21,CONSUMO,SUCURSAL,100000,24,646,APPROVED
APP_000267,CUST_00064,2025-08-19,CONSUMO,WEB,300000,6,810,APPROVED
APP_000268,CUST_00222,2025-10-27,CONSUMO,PARTNER,750000,6,892,APPROVED
APP_000269,CUST_00165,2025-09-16,CONSUMO,APP,300000,24,554,APPROVED
APP_000270,CUST_00232,2025-03-10,PERSONAL,APP,500000,24,824,APPROVED
APP_000271,CUST_00284,2025-11-20,PERSONAL,APP,300000,24,597,REJECTED
APP_000272,CUST_00092,2025-09-15,TARJETA,WEB,150000,24,418,REJECTED
APP_000273,CUST_00214,2025-12-12,TARJETA,PARTNER,300000,9,732,REJECTED
APP_000274,CUST_00075,2025-01-28,TARJETA,APP,150000,6,593,REJECTED
APP_000275,CUST_00152,2025-04-15,TARJETA,APP,750000,12,404,REJECTED
APP_000276,CUST_00115,2025-11-28,TARJETA,APP,300000,24,594,REJECTED
APP_000277,CUST_00214,2025-12-17,CONSUMO,PARTNER,50000,3,557,APPROVED
APP_000278,CUST_00227,2025-04-26,TARJETA,SUCURSAL,500000,9,902,APPROVED
APP_000279,CUST_00100,2025-05-31,CONSUMO,APP,500000,3,491,PENDING
APP_000280,CUST_00021,2025-08-08,CONSUMO,WEB,,6,898,REJECTED
APP_000281,CUST_00080,2025-01-21,PERSONAL,PARTNER,300000,3,940,APPROVED
APP_000282,CUST_00294,2025-10-09,CONSUMO,APP,500000,9,838,APPROVED
APP_000283,CUST_00259,2025-03-23,CONSUMO,WEB,200000,3,657,APPROVED
APP_000284,CUST_00185,2025-05-31,PERSONAL,PARTNER,300000,18,786,PENDING
APP_000285,CUST_00005,2025-02-28,TARJETA,APP,100000,24,928,PENDING
APP_000286,CUST_00165,2025-07-15,PERSONAL,APP,300000,24,589,APPROVED
APP_000287,CUST_00264,2025-09-18,CONSUMO,WEB,150000,24,497,REJECTED
APP_000288,CUST_00276,2025-10-01,PERSONAL,WEB,100000,24,944,REJECTED
APP_000289,CUST_00054,2025-04-16,TARJETA,SUCURSAL,500000,12,373,REJECTED
APP_000290,CUST_00170,2025-01-20,PERSONAL,APP,100000,9,871,APPROVED
APP_000291,CUST_00209,2025-07-18,CONSUMO,WEB,-200000,9,317,REJECTED
APP_000292,CUST_00033,2025-10-27,PERSONAL,SUCURSAL,50000,9,814,APPROVED
APP_000293,CUST_00045,2025-05-25,CONSUMO,APP,750000,24,331,REJECTED
APP_000294,CUST_00201,2025-10-07,CONSUMO,PARTNER,,9,682,PENDING
APP_000295,CUST_00073,2025-03-05,PERSONAL,APP,300000,12,850,APPROVED
APP_000296,CUST_00177,2025-04-19,CONSUMO,PARTNER,750000,18,445,REJECTED
APP_000297,CUST_00100,2025-02-28,PERSONAL,WEB,300000,3,862,APPROVED
APP_000298,CUST_00035,2025-05-09,PERSONAL,APP,300000,12,638,APPROVED
APP_000299,CUST_00146,2025-11-14,PERSONAL,PARTNER,150000,12,761,APPROVED
APP_000300,CUST_00079,2025-10-17,TARJETA,APP,150000,12,472,APPROVED
APP_000301,CUST_00224,2025-05-22,CONSUMO,APP,500000,9,791,APPROVED
APP_000302,CUST_00283,2025-02-25,PERSONAL,WEB,50000,9,443,REJECTED
APP_000303,CUST_00040,2025-02-08,PERSONAL,SUCURSAL,500000,3,895,APPROVED
APP_000304,CUST_00019,2025-10-10,CONSUMO,WEB,300000,12,452,REJECTED
APP_000305,CUST_00149,2025-03-10,CONSUMO,WEB,50000,12,672,APPROVED
APP_000306,CUST_00085,2025-09-21,PERSONAL,APP,100000,18,879,APPROVED
APP_000307,CUST_00248,2025-07-03,PERSONAL,APP,200000,6,364,REJECTED
APP_000308,CUST_00266,2025-07-04,CONSUMO,WEB,200000,3,340,PENDING
APP_000309,CUST_00267,2025-11-21,CONSUMO,SUCURSAL,150000,18,857,APPROVED
APP_000310,CUST_00040,2025-09-22,CONSUMO,APP,100000,18,715,APPROVED
APP_000311,CUST_00247,2025-11-06,PERSONAL,WEB,100000,12,469,REJECTED
APP_000312,CUST_00077,2025-04-06,PERSONAL,APP,500000,3,535,APPROVED
APP_000313,CUST_00246,2025-09-03,PERSONAL,WEB,500000,12,322,REJECTED
APP_000314,CUST_00069,2025-11-19,TARJETA,APP,300000,6,357,REJECTED
APP_000315,CUST_00208,2025-11-03,TARJETA,WEB,500000,24,590,PENDING
APP_000316,CUST_00242,2025-09-04,PERSONAL,APP,200000,18,446,REJECTED
APP_000317,CUST_00262,2025-05-16,PERSONAL,SUCURSAL,150000,12,910,APPROVED
APP_000318,CUST_00056,2025-01-09,PERSONAL,WEB,300000,24,729,REJECTED
APP_000319,CUST_00020,2025-09-30,TARJETA,SUCURSAL,-50000,12,433,PENDING
APP_000320,CUST_00221,2025-09-25,CONSUMO,APP,50000,24,842,APPROVED
APP_000321,CUST_00196,2025-06-29,TARJETA,SUCURSAL,750000,24,889,APPROVED
APP_000322,CUST_00120,2025-02-12,CONSUMO,WEB,300000,12,563,APPROVED
APP_000323,CUST_00296,2025-09-25,PERSONAL,WEB,200000,24,510,REJECTED
APP_000324,CUST_00080,2025-08-07,TARJETA,WEB,150000,18,733,APPROVED
APP_000325,CUST_00204,2025-04-15,CONSUMO,WEB,300000,12,483,REJECTED
APP_000326,CUST_00158,2025-10-23,CONSUMO,SUCURSAL,200000,24,441,REJECTED
APP_000327,CUST_00229,2025-12-25,PERSONAL,APP,300000,12,646,REJECTED
APP_000328,CUST_00027,2025-03-24,CONSUMO,PARTNER,50000,3,448,REJECTED
APP_000329,CUST_00135,2025-04-24,CONSUMO,APP,50000,24,693,PENDING
APP_000330,CUST_00147,2025-12-31,TARJETA,APP,750000,6,806,APPROVED
APP_000331,CUST_00266,2025-05-27,PERSONAL,APP,300000,18,828,APPROVED
APP_000332,CUST_00185,2025-05-03,TARJETA,APP,100000,3,582,REJECTED
APP_000333,CUST_00103,2025-09-23,PERSONAL,SUCURSAL,50000,3,862,APPROVED
APP_000334,CUST_00179,2025-06-27,CONSUMO,APP,100000,12,713,APPROVED
APP_000335,CUST_00055,2025-10-14,PERSONAL,WEB,150000,3,825,PENDING
APP_000336,CUST_00295,2025-05-09,TARJETA,APP,200000,18,795,REJECTED
APP_000337,CUST_00235,2025-12-15,CONSUMO,PARTNER,750000,3,793,APPROVED
APP_000338,CUST_00113,2025-12-13,TARJETA,APP,,12,661,APPROVED
APP_000339,CUST_00128,2025-05-28,PERSONAL,APP,500000,9,377,REJECTED
APP_000340,CUST_00112,2025-10-21,CONSUMO,APP,500000,24,494,REJECTED
APP_000341,CUST_00136,2025-04-16,PERSONAL,APP,100000,18,664,APPROVED
APP_000342,CUST_00253,2025-11-11,PERSONAL,SUCURSAL,300000,3,793,APPROVED
APP_000343,CUST_00295,2025-05-21,CONSUMO,APP,750000,18,586,APPROVED
APP_000344,CUST_00270,2025-08-05,CONSUMO,PARTNER,50000,18,655,APPROVED
APP_000345,CUST_00062,2025-12-24,TARJETA,WEB,500000,3,312,REJECTED
APP_000346,CUST_00186,2025-11-10,CONSUMO,APP,150000,6,575,REJECTED
APP_000347,CUST_00256,2025-08-06,PERSONAL,APP,750000,9,673,REJECTED
APP_000348,CUST_00068,2025-10-22,TARJETA,APP,50000,24,576,REJECTED
APP_000349,CUST_00101,2025-03-16,TARJETA,APP,750000,3,480,REJECTED
APP_000350,CUST_00265,2025-10-01,TARJETA,APP,200000,9,556,REJECTED
APP_000351,CUST_00084,2025-01-31,PERSONAL,SUCURSAL,200000,24,398,REJECTED
APP_000352,CUST_00287,2025-10-13,CONSUMO,APP,200000,3,659,REJECTED
APP_000353,CUST_00295,2025-11-29,TARJETA,WEB,750000,9,663,APPROVED
APP_000354,CUST_00229,2025-02-10,CONSUMO,WEB,200000,24,448,REJECTED
APP_000355,CUST_00216,2025-11-20,TARJETA,WEB,750000,3,381,REJECTED
APP_000356,CUST_00150,2025-12-30,CONSUMO,WEB,200000,9,755,REJECTED
APP_000357,CUST_00267,2025-08-19,CONSUMO,APP,750000,3,428,REJECTED
APP_000358,CUST_00041,2025-04-18,PERSONAL,APP,50000,3,784,APPROVED
APP_000359,CUST_00043,2025-02-23,CONSUMO,WEB,50000,24,699,APPROVED
APP_000360,CUST_00065,2025-03-09,TARJETA,SUCURSAL,50000,3,665,REJECTED
APP_000361,CUST_00277,2025-05-20,TARJETA,APP,500000,18,481,REJECTED
APP_000362,CUST_00289,2025-08-11,TARJETA,WEB,300000,9,655,APPROVED
APP_000363,CUST_00158,2025-07-07,CONSUMO,APP,150000,3,300,REJECTED
APP_000364,CUST_00147,2025-08-29,TARJETA,APP,200000,12,606,APPROVED
APP_000365,CUST_00119,2025-01-04,TARJETA,APP,200000,18,747,APPROVED
APP_000366,CUST_00200,2025-07-13,PERSONAL,APP,200000,24,545,REJECTED
APP_000367,CUST_00140,2025-05-26,TARJETA,SUCURSAL,750000,9,722,APPROVED
APP_000368,CUST_00057,2025-11-23,CONSUMO,WEB,150000,24,937,APPROVED
APP_000369,CUST_00274,2025-01-12,PERSONAL,PARTNER,150000,9,428,REJECTED
APP_000370,CUST_00078,2025-01-08,CONSUMO,APP,200000,9,810,PENDING
APP_000371,CUST_00170,2025-02-11,PERSONAL,APP,750000,12,373,REJECTED
APP_000372,CUST_00129,2025-07-15,PERSONAL,APP,750000,24,554,APPROVED
APP_000373,CUST_00018,2025-04-12,CONSUMO,SUCURSAL,50000,18,513,REJECTED
APP_000374,CUST_00166,2025-03-23,TARJETA,SUCURSAL,500000,18,833,APPROVED
APP_000375,CUST_00185,2025-01-27,TARJETA,APP,,6,948,APPROVED
APP_000376,CUST_00300,2025-03-03,CONSUMO,SUCURSAL,50000,3,895,REJECTED
APP_000377,CUST_00191,2025-02-15,PERSONAL,APP,50000,24,933,APPROVED
APP_000378,CUST_00031,2025-01-31,CONSUMO,WEB,500000,18,409,APPROVED
APP_000379,CUST_00178,2025-08-13,TARJETA,APP,500000,12,666,APPROVED
APP_000380,CUST_00225,2025-10-14,CONSUMO,WEB,200000,6,880,APPROVED
APP_000381,CUST_00141,2025-11-03,TARJETA,APP,300000,6,760,APPROVED
APP_000382,CUST_00001,2025-11-23,TARJETA,APP,100000,3,934,REJECTED
APP_000383,CUST_00033,2025-12-04,TARJETA,SUCURSAL,100000,18,809,REJECTED
APP_000384,CUST_00210,2025-11-25,CONSUMO,APP,300000,24,368,APPROVED
APP_000385,CUST_00017,2025-04-14,PERSONAL,WEB,50000,3,884,APPROVED
APP_000386,CUST_00132,2025-01-26,CONSUMO,APP,500000,3,313,PENDING
APP_000387,CUST_00041,2025-08-28,TARJETA,APP,300000,24,725,REJECTED
APP_000388,CUST_00137,2025-09-28,PERSONAL,SUCURSAL,750000,9,379,PENDING
APP_000389,CUST_00119,2025-09-30,CONSUMO,APP,300000,24,554,REJECTED
APP_000390,CUST_00286,2025-08-01,TARJETA,APP,500000,18,666,APPROVED
APP_000391,CUST_00054,2025-03-27,PERSONAL,WEB,300000,9,461,REJECTED
APP_000392,CUST_00162,2025-10-09,CONSUMO,SUCURSAL,200000,24,740,REJECTED
APP_000393,CUST_00280,2025-04-20,CONSUMO,SUCURSAL,500000,9,668,PENDING
APP_000394,CUST_00018,2025-05-26,TARJETA,APP,100000,9,306,REJECTED
APP_000395,CUST_00012,2025-12-20,CONSUMO,PARTNER,300000,18,884,PENDING
APP_000396,CUST_00183,2025-03-21,PERSONAL,APP,300000,6,538,APPROVED
APP_000397,CUST_00292,2025-04-22,TARJETA,APP,150000,12,477,REJECTED
APP_000398,CUST_00049,2025-11-01,TARJETA,APP,500000,18,690,APPROVED
APP_000399,CUST_00179,2025-08-11,CONSUMO,PARTNER,50000,6,916,PENDING
APP_000400,CUST_00028,2025-06-06,TARJETA,APP,300000,18,453,REJECTED
APP_000401,CUST_00202,2025-08-17,TARJETA,WEB,50000,6,742,APPROVED
APP_000402,CUST_00043,2025-09-01,TARJETA,SUCURSAL,300000,12,568,APPROVED
APP_000403,CUST_00067,2025-03-11,CONSUMO,WEB,200000,12,885,APPROVED
APP_000404,CUST_00127,2025-05-05,PERSONAL,APP,200000,9,889,APPROVED
APP_000405,CUST_00179,2025-04-08,CONSUMO,APP,500000,3,612,APPROVED
APP_000406,CUST_00227,2025-11-16,PERSONAL,APP,750000,6,504,REJECTED
APP_000407,CUST_00044,2025-02-27,TARJETA,APP,300000,6,594,APPROVED
APP_000408,CUST_00231,2025-08-30,PERSONAL,APP,500000,18,516,APPROVED
APP_000409,CUST_00248,2025-11-15,TARJETA,PARTNER,500000,24,318,REJECTED
APP_000410,CUST_00131,2025-03-29,PERSONAL,APP,750000,24,932,APPROVED
APP_000411,CUST_00035,2025-07-18,TARJETA,APP,,24,668,REJECTED
APP_000412,CUST_00198,2025-04-29,CONSUMO,WEB,500000,3,623,REJECTED
APP_000413,CUST_00102,2025-09-14,CONSUMO,WEB,500000,3,340,REJECTED
APP_000414,CUST_00202,2025-03-22,PERSONAL,APP,150000,9,940,APPROVED
APP_000415,CUST_00142,2025-02-01,TARJETA,APP,200000,3,868,PENDING
APP_000416,CUST_00202,2025-12-03,PERSONAL,APP,200000,18,927,REJECTED
APP_000417,CUST_00294,2025-03-20,CONSUMO,PARTNER,300000,9,759,APPROVED
APP_000418,CUST_00278,2025-12-17,PERSONAL,PARTNER,150000,24,836,PENDING
APP_000419,CUST_00075,2025-12-02,TARJETA,PARTNER,150000,3,870,APPROVED
APP_000420,CUST_00075,2025-01-16,CONSUMO,PARTNER,200000,12,610,APPROVED
APP_000421,CUST_00141,2025-03-19,PERSONAL,APP,100000,3,926,APPROVED
APP_000422,CUST_00119,2025-04-29,TARJETA,APP,50000,24,788,APPROVED
APP_000423,CUST_00192,2025-04-05,CONSUMO,WEB,100000,6,497,REJECTED
APP_000424,CUST_00139,2025-07-31,PERSONAL,SUCURSAL,100000,6,367,REJECTED
APP_000425,CUST_00251,2025-12-19,CONSUMO,PARTNER,100000,12,714,REJECTED
APP_000426,CUST_00161,2025-07-21,TARJETA,PARTNER,300000,18,849,APPROVED
APP_000427,CUST_00267,2025-02-25,CONSUMO,WEB,50000,6,831,APPROVED
APP_000428,CUST_00199,2025-09-22,TARJETA,PARTNER,100000,9,750,APPROVED
APP_000429,CUST_00237,2025-03-27,CONSUMO,APP,50000,24,829,PENDING
APP_000430,CUST_00047,2025-09-14,PERSONAL,APP,300000,24,859,APPROVED
APP_000431,CUST_00092,2025-08-21,TARJETA,PARTNER,100000,12,392,REJECTED
APP_000432,CUST_00084,2025-03-05,PERSONAL,APP,200000,24,671,APPROVED
APP_000433,CUST_00262,2025-11-10,PERSONAL,APP,200000,3,474,PENDING
APP_000434,CUST_00077,2025-03-25,PERSONAL,APP,500000,3,729,APPROVED
APP_000435,CUST_00148,2025-11-17,PERSONAL,APP,100000,6,303,REJECTED
APP_000436,CUST_00256,2025-10-06,PERSONAL,WEB,200000,6,522,REJECTED
APP_000437,CUST_00041,2025-11-04,TARJETA,APP,300000,9,934,APPROVED
APP_000438,CUST_00095,2025-03-17,PERSONAL,WEB,50000,6,333,REJECTED
APP_000439,CUST_00045,2025-01-26,PERSONAL,APP,100000,6,591,REJECTED
APP_000440,CUST_00288,2025-04-01,CONSUMO,SUCURSAL,150000,3,395,REJECTED
APP_000441,CUST_00035,2025-08-07,TARJETA,APP,200000,6,424,REJECTED
APP_000442,CUST_00269,2025-04-18,TARJETA,APP,50000,3,885,APPROVED
APP_000443,CUST_00248,2025-12-19,TARJETA,PARTNER,500000,9,737,APPROVED
APP_000444,CUST_00182,2025-03-08,TARJETA,WEB,300000,24,947,APPROVED
APP_000445,CUST_00120,2025-12-29,CONSUMO,PARTNER,50000,3,324,REJECTED
APP_000446,CUST_00107,2025-11-12,CONSUMO,APP,150000,9,873,REJECTED
APP_000447,CUST_00145,2025-05-11,PERSONAL,APP,300000,18,631,REJECTED
APP_000448,CUST_00203,2025-10-19,TARJETA,PARTNER,750000,6,498,REJECTED
APP_000449,CUST_00243,2025-01-19,TARJETA,APP,100000,24,771,REJECTED
APP_000450,CUST_00212,2025-01-29,TARJETA,APP,,24,623,REJECTED
APP_000451,CUST_00170,2025-07-01,PERSONAL,PARTNER,150000,3,647,PENDING
APP_000452,CUST_00293,2025-11-07,CONSUMO,APP,50000,9,622,REJECTED
APP_000453,CUST_00122,2025-07-10,CONSUMO,SUCURSAL,150000,6,837,APPROVED
APP_000454,CUST_00104,2025-02-17,CONSUMO,WEB,750000,12,812,APPROVED
APP_000455,CUST_00269,2025-06-08,CONSUMO,APP,750000,3,828,APPROVED
APP_000456,CUST_00236,2025-07-18,TARJETA,PARTNER,50000,3,618,PENDING
APP_000457,CUST_00045,2025-06-20,CONSUMO,PARTNER,50000,18,619,APPROVED
APP_000458,CUST_00108,2025-06-14,PERSONAL,APP,150000,18,626,REJECTED
APP_000459,CUST_00081,2025-05-21,PERSONAL,APP,300000,18,826,APPROVED
APP_000460,CUST_00139,2025-03-14,TARJETA,SUCURSAL,300000,6,475,APPROVED
APP_000461,CUST_00228,2025-01-26,PERSONAL,APP,500000,3,408,REJECTED
APP_000462,CUST_00229,2025-11-12,CONSUMO,APP,750000,6,846,APPROVED
APP_000463,CUST_00291,2025-03-09,PERSONAL,SUCURSAL,500000,12,399,REJECTED
APP_000464,CUST_00239,2025-08-29,PERSONAL,PARTNER,100000,18,564,PENDING
APP_000465,CUST_00170,2025-06-16,CONSUMO,WEB,50000,12,415,REJECTED
APP_000466,CUST_00179,2025-11-06,TARJETA,APP,50000,12,409,REJECTED
APP_000467,CUST_00273,2025-08-25,CONSUMO,WEB,100000,18,549,REJECTED
APP_000468,CUST_00175,2025-04-17,TARJETA,WEB,750000,12,880,REJECTED
APP_000469,CUST_00040,2025-12-31,TARJETA,SUCURSAL,50000,18,910,APPROVED
APP_000470,CUST_00091,2025-06-07,CONSUMO,APP,50000,24,910,REJECTED
APP_000471,CUST_00032,2025-02-16,PERSONAL,SUCURSAL,300000,24,300,REJECTED
APP_000472,CUST_00150,2025-07-19,TARJETA,WEB,100000,6,624,APPROVED
APP_000473,CUST_00223,2025-06-26,PERSONAL,WEB,300000,18,713,REJECTED
APP_000474,CUST_00282,2025-01-28,PERSONAL,SUCURSAL,750000,9,412,REJECTED
APP_000475,CUST_00202,2025-11-17,CONSUMO,SUCURSAL,200000,12,745,APPROVED
APP_000476,CUST_00097,2025-10-12,CONSUMO,SUCURSAL,150000,12,457,REJECTED
APP_000477,CUST_00006,2025-02-06,TARJETA,APP,500000,12,747,PENDING
APP_000478,CUST_00213,2025-08-22,TARJETA,WEB,200000,18,484,REJECTED
APP_000479,CUST_00197,2025-07-01,PERSONAL,APP,300000,3,891,APPROVED
APP_000480,CUST_00138,2025-07-30,TARJETA,WEB,50000,3,881,APPROVED
APP_000481,CUST_00041,2025-03-14,TARJETA,SUCURSAL,750000,9,776,APPROVED
APP_000482,CUST_00126,2025-08-30,TARJETA,SUCURSAL,500000,3,948,APPROVED
APP_000483,CUST_00176,2025-10-01,PERSONAL,WEB,300000,12,887,APPROVED
APP_000484,CUST_00151,2025-05-29,PERSONAL,APP,300000,24,611,REJECTED
APP_000485,CUST_00243,2025-10-24,PERSONAL,WEB,500000,9,939,APPROVED
APP_000486,CUST_00040,2025-05-23,CONSUMO,APP,150000,9,563,APPROVED
APP_000487,CUST_00078,2025-12-04,CONSUMO,APP,100000,9,541,REJECTED
APP_000488,CUST_00176,2025-02-13,PERSONAL,WEB,750000,6,807,REJECTED
APP_000489,CUST_00226,2025-11-23,PERSONAL,APP,500000,9,355,REJECTED
APP_000490,CUST_00086,2025-08-26,CONSUMO,WEB,200000,24,845,APPROVED
APP_000491,CUST_00135,2025-03-16,TARJETA,PARTNER,50000,9,759,APPROVED
APP_000492,CUST_00022,2025-02-19,TARJETA,WEB,750000,12,925,PENDING
APP_000493,CUST_00137,2025-02-20,CONSUMO,WEB,200000,12,547,REJECTED
APP_000494,CUST_00173,2025-12-13,TARJETA,PARTNER,150000,18,310,REJECTED
APP_000495,CUST_00051,2025-09-26,PERSONAL,WEB,150000,6,590,APPROVED
APP_000496,CUST_00030,2025-11-01,TARJETA,PARTNER,100000,18,424,REJECTED
APP_000497,CUST_00067,2025-07-12,TARJETA,SUCURSAL,500000,18,489,REJECTED
APP_000498,CUST_00240,2025-12-05,PERSONAL,WEB,150000,12,631,APPROVED
APP_000499,CUST_00032,2025-07-15,CONSUMO,APP,50000,9,571,APPROVED
APP_000500,CUST_00103,2025-11-09,CONSUMO,APP,200000,3,447,REJECTED
APP_000501,CUST_00055,2025-08-15,TARJETA,APP,50000,3,372,REJECTED
APP_000502,CUST_00255,2025-03-18,TARJETA,WEB,50000,24,699,APPROVED
APP_000503,CUST_00295,2025-01-02,TARJETA,SUCURSAL,750000,12,789,APPROVED
APP_000504,CUST_00036,2025-10-04,PERSONAL,APP,500000,12,424,REJECTED
APP_000505,CUST_00156,2025-07-25,PERSONAL,WEB,500000,3,674,APPROVED
APP_000506,CUST_00236,2025-05-29,TARJETA,APP,300000,3,693,APPROVED
APP_000507,CUST_00055,2025-11-19,TARJETA,APP,50000,24,748,APPROVED
APP_000508,CUST_00123,2025-09-08,CONSUMO,APP,300000,24,615,REJECTED
APP_000509,CUST_00009,2025-01-19,CONSUMO,APP,750000,24,343,REJECTED
APP_000510,CUST_00268,2025-08-23,TARJETA,PARTNER,300000,6,893,APPROVED
APP_000511,CUST_00251,2025-12-01,PERSONAL,WEB,300000,3,548,REJECTED
APP_000512,CUST_00026,2025-06-07,PERSONAL,WEB,100000,18,365,REJECTED
APP_000513,CUST_00113,2025-02-02,PERSONAL,APP,750000,24,711,APPROVED
APP_000514,CUST_00071,2025-06-14,PERSONAL,SUCURSAL,300000,6,643,APPROVED
APP_000515,CUST_00087,2025-12-23,CONSUMO,WEB,200000,6,895,APPROVED
APP_000516,CUST_00193,2025-03-22,PERSONAL,PARTNER,50000,3,307,REJECTED
APP_000517,CUST_00146,2025-08-02,TARJETA,SUCURSAL,750000,12,429,REJECTED
APP_000518,CUST_00211,2025-05-03,PERSONAL,WEB,50000,18,484,REJECTED
APP_000519,CUST_00155,2025-06-28,CONSUMO,APP,100000,6,420,PENDING
APP_000520,CUST_00277,2025-09-17,PERSONAL,WEB,500000,24,513,APPROVED
APP_000521,CUST_00243,2025-09-12,PERSONAL,APP,50000,3,672,APPROVED
APP_000522,CUST_00233,2025-01-23,PERSONAL,SUCURSAL,300000,6,461,REJECTED
APP_000523,CUST_00121,2025-08-16,TARJETA,WEB,200000,6,633,APPROVED
APP_000524,CUST_00122,2025-07-31,PERSONAL,APP,100000,3,782,APPROVED
APP_000525,CUST_00111,2025-11-09,CONSUMO,APP,150000,6,768,APPROVED
APP_000526,CUST_00104,2025-06-21,PERSONAL,APP,300000,3,587,APPROVED
APP_000527,CUST_00088,2025-06-25,PERSONAL,PARTNER,300000,6,926,PENDING
APP_000528,CUST_00118,2025-02-14,CONSUMO,PARTNER,200000,6,905,APPROVED
APP_000529,CUST_00220,2025-05-07,PERSONAL,APP,300000,6,905,PENDING
APP_000530,CUST_00214,2025-01-23,PERSONAL,PARTNER,500000,18,334,REJECTED
APP_000531,CUST_00051,2025-08-20,CONSUMO,APP,300000,3,716,PENDING
APP_000532,CUST_00047,2025-01-09,CONSUMO,WEB,100000,24,770,REJECTED
APP_000533,CUST_00233,2025-08-26,PERSONAL,PARTNER,-200000,6,679,APPROVED
APP_000534,CUST_00037,2025-07-17,TARJETA,APP,50000,9,736,REJECTED
APP_000535,CUST_00295,2025-04-17,TARJETA,APP,150000,24,356,REJECTED
APP_000536,CUST_00027,2025-02-26,CONSUMO,APP,300000,3,674,APPROVED
APP_000537,CUST_00288,2025-12-30,PERSONAL,APP,150000,6,852,APPROVED
APP_000538,CUST_00298,2025-12-26,PERSONAL,SUCURSAL,750000,6,628,APPROVED
APP_000539,CUST_00142,2025-01-28,PERSONAL,APP,200000,12,813,APPROVED
APP_000540,CUST_00273,2025-05-30,CONSUMO,WEB,750000,24,367,REJECTED
APP_000541,CUST_00201,2025-04-02,CONSUMO,PARTNER,50000,3,468,REJECTED
APP_000542,CUST_00105,2025-09-24,TARJETA,APP,200000,24,854,PENDING
APP_000543,CUST_00011,2025-05-30,PERSONAL,APP,750000,6,832,APPROVED
APP_000544,CUST_00168,2025-09-06,TARJETA,WEB,300000,18,755,APPROVED
APP_000545,CUST_00157,2025-03-29,CONSUMO,APP,150000,9,348,APPROVED
APP_000546,CUST_00083,2025-12-31,TARJETA,APP,100000,24,457,REJECTED
APP_000547,CUST_00295,2025-03-06,CONSUMO,APP,100000,6,875,APPROVED
APP_000548,CUST_00076,2025-07-10,CONSUMO,WEB,100000,18,608,APPROVED
APP_000549,CUST_00075,2025-08-23,CONSUMO,APP,500000,18,819,APPROVED
APP_000550,CUST_00149,2025-10-21,TARJETA,APP,300000,24,752,APPROVED
APP_000551,CUST_00021,2025-03-13,TARJETA,WEB,150000,3,711,APPROVED
APP_000552,CUST_00168,2025-01-29,TARJETA,WEB,300000,18,527,REJECTED
APP_000553,CUST_00043,2025-10-03,CONSUMO,WEB,50000,18,703,APPROVED
APP_000554,CUST_00029,2025-12-08,CONSUMO,APP,,12,678,APPROVED
APP_000555,CUST_00158,2025-08-17,TARJETA,APP,500000,12,725,REJECTED
APP_000556,CUST_00218,2025-08-01,PERSONAL,SUCURSAL,300000,3,447,REJECTED
APP_000557,CUST_00172,2025-02-03,TARJETA,SUCURSAL,50000,3,719,APPROVED
APP_000558,CUST_00237,2025-12-30,TARJETA,SUCURSAL,100000,6,490,REJECTED
APP_000559,CUST_00155,2025-10-27,CONSUMO,WEB,,12,529,APPROVED
APP_000560,CUST_00242,2025-03-05,TARJETA,WEB,150000,12,483,REJECTED
APP_000561,CUST_00062,2025-05-22,CONSUMO,PARTNER,50000,18,670,APPROVED
APP_000562,CUST_00244,2025-12-22,PERSONAL,APP,500000,18,317,REJECTED
APP_000563,CUST_00164,2025-08-25,TARJETA,APP,100000,3,579,APPROVED
APP_000564,CUST_00025,2025-05-29,CONSUMO,WEB,50000,18,498,REJECTED
APP_000565,CUST_00086,2025-10-06,CONSUMO,PARTNER,750000,24,608,APPROVED
APP_000566,CUST_00274,2025-10-24,CONSUMO,SUCURSAL,50000,6,830,APPROVED
APP_000567,CUST_00084,2025-02-22,PERSONAL,APP,100000,6,872,APPROVED
APP_000568,CUST_00273,2025-12-31,TARJETA,SUCURSAL,750000,3,727,APPROVED
APP_000569,CUST_00009,2025-09-03,CONSUMO,APP,150000,6,752,REJECTED
APP_000570,CUST_00176,2025-03-30,TARJETA,APP,500000,3,527,APPROVED
APP_000571,CUST_00158,2025-03-06,PERSONAL,APP,50000,12,414,APPROVED
APP_000572,CUST_00022,2025-04-11,PERSONAL,APP,500000,18,907,APPROVED
APP_000573,CUST_00034,2025-06-04,TARJETA,APP,50000,3,916,APPROVED
APP_000574,CUST_00180,2025-01-15,PERSONAL,APP,500000,9,893,APPROVED
APP_000575,CUST_00124,2025-09-16,TARJETA,APP,750000,18,314,REJECTED
APP_000576,CUST_00088,2025-10-03,PERSONAL,PARTNER,50000,6,816,REJECTED
APP_000577,CUST_00095,2025-08-14,TARJETA,PARTNER,100000,9,688,APPROVED
APP_000578,CUST_00161,2025-03-05,CONSUMO,APP,100000,12,669,APPROVED
APP_000579,CUST_00168,2025-09-10,PERSONAL,APP,200000,18,619,REJECTED
APP_000580,CUST_00209,2025-05-29,CONSUMO,APP,50000,12,676,APPROVED
APP_000581,CUST_00054,2025-07-22,CONSUMO,WEB,500000,3,422,APPROVED
APP_000582,CUST_00053,2025-03-28,PERSONAL,APP,100000,9,505,REJECTED
APP_000583,CUST_00218,2025-09-13,CONSUMO,SUCURSAL,750000,18,907,APPROVED
APP_000584,CUST_00205,2025-07-02,CONSUMO,WEB,200000,12,823,APPROVED
APP_000585,CUST_00129,2025-09-08,CONSUMO,APP,100000,3,401,REJECTED
APP_000586,CUST_00014,2025-04-02,CONSUMO,WEB,150000,6,610,REJECTED
APP_000587,CUST_00267,2025-09-10,CONSUMO,APP,500000,12,802,APPROVED
APP_000588,CUST_00277,2025-10-07,PERSONAL,PARTNER,50000,12,421,REJECTED
APP_000589,CUST_00236,2025-01-19,PERSONAL,APP,500000,9,468,REJECTED
APP_000590,CUST_00250,2025-02-26,TARJETA,WEB,500000,18,852,APPROVED
APP_000591,CUST_00260,2025-01-29,CONSUMO,APP,300000,12,931,APPROVED
APP_000592,CUST_00032,2025-01-15,TARJETA,APP,750000,9,657,REJECTED
APP_000593,CUST_00175,2025-07-14,PERSONAL,APP,150000,12,659,APPROVED
APP_000594,CUST_00160,2025-10-31,PERSONAL,PARTNER,,9,417,REJECTED
APP_000595,CUST_00236,2025-12-03,CONSUMO,WEB,200000,9,320,REJECTED
APP_000596,CUST_00194,2025-10-20,CONSUMO,APP,50000,12,402,REJECTED
APP_000597,CUST_00174,2025-03-27,TARJETA,APP,200000,6,808,APPROVED
APP_000598,CUST_00275,2025-04-20,CONSUMO,APP,150000,18,711,REJECTED
APP_000599,CUST_00297,2025-02-18,TARJETA,APP,50000,18,843,APPROVED
APP_000600,CUST_00155,2025-09-16,CONSUMO,APP,300000,9,504,APPROVED
APP_000601,CUST_00281,2025-04-03,PERSONAL,WEB,300000,6,890,APPROVED
APP_000602,CUST_00240,2025-05-18,TARJETA,WEB,300000,12,879,APPROVED
APP_000603,CUST_00237,2025-03-17,PERSONAL,APP,500000,9,745,APPROVED
APP_000604,CUST_00105,2025-07-31,CONSUMO,SUCURSAL,500000,6,562,REJECTED
APP_000605,CUST_00077,2025-04-09,PERSONAL,APP,750000,9,775,APPROVED
APP_000606,CUST_00019,2025-04-14,PERSONAL,APP,50000,9,584,REJECTED
APP_000607,CUST_00249,2025-01-11,PERSONAL,PARTNER,50000,9,916,APPROVED
APP_000608,CUST_00187,2025-12-10,TARJETA,PARTNER,200000,24,443,REJECTED
APP_000609,CUST_00062,2025-09-25,TARJETA,SUCURSAL,750000,18,557,REJECTED
APP_000610,CUST_00161,2025-06-18,TARJETA,SUCURSAL,750000,24,541,PENDING
APP_000611,CUST_00110,2025-05-21,CONSUMO,APP,750000,18,357,REJECTED
APP_000612,CUST_00163,2025-10-07,CONSUMO,WEB,100000,9,448,REJECTED
APP_000613,CUST_00011,2025-11-27,TARJETA,APP,500000,24,355,REJECTED
APP_000614,CUST_00283,2025-07-16,CONSUMO,WEB,500000,9,424,REJECTED
APP_000615,CUST_00005,2025-07-21,CONSUMO,APP,750000,6,604,APPROVED
APP_000616,CUST_00163,2025-11-26,CONSUMO,SUCURSAL,150000,3,803,APPROVED
APP_000617,CUST_00217,2025-02-21,PERSONAL,WEB,300000,3,660,APPROVED
APP_000618,CUST_00168,2025-08-21,TARJETA,APP,50000,24,488,REJECTED
APP_000619,CUST_00206,2025-04-13,TARJETA,APP,300000,3,413,REJECTED
APP_000620,CUST_00067,2025-11-01,TARJETA,APP,150000,12,789,REJECTED
APP_000621,CUST_00168,2025-05-25,PERSONAL,APP,150000,6,702,REJECTED
APP_000622,CUST_00115,2025-01-11,PERSONAL,PARTNER,500000,18,941,APPROVED
APP_000623,CUST_00135,2025-12-26,PERSONAL,APP,300000,12,914,APPROVED
APP_000624,CUST_00291,2025-03-02,PERSONAL,SUCURSAL,200000,12,806,APPROVED
APP_000625,CUST_00137,2025-05-28,TARJETA,WEB,100000,12,511,REJECTED
APP_000626,CUST_00097,2025-08-03,PERSONAL,APP,100000,3,597,PENDING
APP_000627,CUST_00128,2025-07-09,TARJETA,WEB,200000,3,310,REJECTED
APP_000628,CUST_00204,2025-12-18,PERSONAL,SUCURSAL,500000,12,911,APPROVED
APP_000629,CUST_00171,2025-05-01,CONSUMO,PARTNER,-300000,24,912,APPROVED
APP_000630,CUST_00259,2025-11-14,CONSUMO,APP,200000,24,679,APPROVED
APP_000631,CUST_00092,2025-05-14,PERSONAL,WEB,150000,12,435,APPROVED
APP_000632,CUST_00134,2025-03-01,CONSUMO,APP,100000,12,587,REJECTED
APP_000633,CUST_00135,2025-11-10,CONSUMO,WEB,200000,6,623,REJECTED
APP_000634,CUST_00285,2025-12-03,TARJETA,SUCURSAL,50000,6,452,APPROVED
APP_000635,CUST_00084,2025-12-28,CONSUMO,APP,200000,3,752,APPROVED
APP_000636,CUST_00253,2025-02-27,TARJETA,PARTNER,50000,9,395,REJECTED
APP_000637,CUST_00261,2025-05-20,TARJETA,PARTNER,,6,897,PENDING
APP_000638,CUST_00093,2025-08-02,PERSONAL,APP,200000,24,396,REJECTED
APP_000639,CUST_00063,2025-07-21,CONSUMO,WEB,50000,9,457,APPROVED
APP_000640,CUST_00246,2025-08-21,TARJETA,PARTNER,300000,24,305,REJECTED
APP_000641,CUST_00232,2025-06-16,TARJETA,PARTNER,750000,18,432,REJECTED
APP_000642,CUST_00166,2025-01-29,TARJETA,APP,300000,12,394,REJECTED
APP_000643,CUST_00205,2025-02-15,PERSONAL,PARTNER,100000,12,712,APPROVED
APP_000644,CUST_00062,2025-06-02,CONSUMO,SUCURSAL,500000,9,917,APPROVED
APP_000645,CUST_00263,2025-04-13,CONSUMO,APP,200000,12,574,REJECTED
APP_000646,CUST_00189,2025-11-11,PERSONAL,APP,200000,3,341,REJECTED
APP_000647,CUST_00080,2025-09-11,TARJETA,WEB,300000,3,597,REJECTED
APP_000648,CUST_00154,2025-03-18,PERSONAL,WEB,150000,6,835,APPROVED
APP_000649,CUST_00024,2025-09-20,PERSONAL,WEB,200000,3,775,APPROVED
APP_000650,CUST_00131,2025-10-27,PERSONAL,SUCURSAL,50000,3,773,APPROVED
APP_000651,CUST_00043,2025-08-02,TARJETA,APP,300000,24,765,REJECTED
APP_000652,CUST_00175,2025-04-06,PERSONAL,APP,500000,18,565,REJECTED
APP_000653,CUST_00003,2025-07-22,PERSONAL,APP,500000,12,771,APPROVED
APP_000654,CUST_00250,2025-06-05,TARJETA,SUCURSAL,300000,9,704,REJECTED
APP_000655,CUST_00098,2025-02-27,PERSONAL,WEB,100000,3,514,REJECTED
APP_000656,CUST_00276,2025-04-08,PERSONAL,APP,200000,6,785,APPROVED
APP_000657,CUST_00228,2025-09-06,CONSUMO,APP,200000,18,548,APPROVED
APP_000658,CUST_00027,2025-06-20,PERSONAL,APP,750000,24,742,PENDING
APP_000659,CUST_00284,2025-05-29,PERSONAL,WEB,200000,18,905,APPROVED
APP_000660,CUST_00250,2025-04-29,TARJETA,APP,50000,12,890,APPROVED
APP_000661,CUST_00214,2025-08-31,PERSONAL,WEB,500000,9,759,APPROVED
APP_000662,CUST_00099,2025-08-29,CONSUMO,APP,300000,6,901,PENDING
APP_000663,CUST_00240,2025-03-09,CONSUMO,SUCURSAL,200000,12,668,REJECTED
APP_000664,CUST_00107,2025-05-25,TARJETA,SUCURSAL,500000,12,432,REJECTED
APP_000665,CUST_00213,2025-09-10,CONSUMO,APP,300000,3,318,REJECTED
APP_000666,CUST_00090,2025-09-15,PERSONAL,SUCURSAL,150000,12,416,REJECTED
APP_000667,CUST_00133,2025-06-24,CONSUMO,SUCURSAL,750000,18,573,REJECTED
APP_000668,CUST_00054,2025-12-28,PERSONAL,PARTNER,200000,12,413,PENDING
APP_000669,CUST_00053,2025-10-15,PERSONAL,WEB,100000,24,420,REJECTED
APP_000670,CUST_00150,2025-12-29,CONSUMO,SUCURSAL,200000,24,401,REJECTED
APP_000671,CUST_00063,2025-04-14,CONSUMO,PARTNER,750000,3,551,REJECTED
APP_000672,CUST_00088,2025-02-13,CONSUMO,APP,750000,12,669,APPROVED
APP_000673,CUST_00272,2025-08-04,PERSONAL,APP,200000,12,719,REJECTED
APP_000674,CUST_00186,2025-01-16,CONSUMO,APP,50000,24,829,PENDING
APP_000675,CUST_00085,2025-08-11,PERSONAL,APP,50000,24,454,PENDING
APP_000676,CUST_00267,2025-06-01,CONSUMO,APP,500000,24,866,REJECTED
APP_000677,CUST_00177,2025-01-05,CONSUMO,PARTNER,300000,6,713,APPROVED
APP_000678,CUST_00227,2025-12-24,CONSUMO,PARTNER,750000,24,714,REJECTED
APP_000679,CUST_00276,2025-06-21,CONSUMO,SUCURSAL,500000,6,832,PENDING
APP_000680,CUST_00283,2025-06-09,TARJETA,APP,500000,6,323,APPROVED
APP_000681,CUST_00124,2025-06-05,TARJETA,APP,300000,3,361,REJECTED
APP_000682,CUST_00064,2025-01-25,TARJETA,PARTNER,200000,9,886,APPROVED
APP_000683,CUST_00298,2025-10-17,TARJETA,PARTNER,500000,24,846,REJECTED
APP_000684,CUST_00294,2025-12-11,PERSONAL,SUCURSAL,300000,24,553,APPROVED
APP_000685,CUST_00185,2025-08-21,PERSONAL,APP,200000,12,383,APPROVED
APP_000686,CUST_00110,2025-08-17,PERSONAL,APP,300000,12,902,APPROVED
APP_000687,CUST_00300,2025-09-13,TARJETA,APP,200000,24,801,APPROVED
APP_000688,CUST_00259,2025-03-07,CONSUMO,SUCURSAL,100000,24,825,REJECTED
APP_000689,CUST_00243,2025-01-17,TARJETA,APP,300000,9,421,REJECTED
APP_000690,CUST_00293,2025-05-29,PERSONAL,WEB,50000,9,612,PENDING
APP_000691,CUST_00074,2025-03-14,TARJETA,APP,-150000,9,520,APPROVED
APP_000692,CUST_00281,2025-06-28,PERSONAL,PARTNER,200000,12,886,APPROVED
APP_000693,CUST_00194,2025-09-01,TARJETA,SUCURSAL,100000,6,816,APPROVED
APP_000694,CUST_00077,2025-06-16,PERSONAL,SUCURSAL,500000,18,719,APPROVED
APP_000695,CUST_00024,2025-12-10,CONSUMO,SUCURSAL,500000,3,469,REJECTED
APP_000696,CUST_00159,2025-10-15,TARJETA,APP,300000,3,497,PENDING
APP_000697,CUST_00292,2025-09-25,PERSONAL,SUCURSAL,300000,3,423,REJECTED
APP_000698,CUST_00141,2025-04-16,PERSONAL,SUCURSAL,750000,18,754,APPROVED
APP_000699,CUST_00024,2025-09-09,PERSONAL,APP,100000,12,324,REJECTED
APP_000700,CUST_00059,2025-02-20,TARJETA,APP,100000,6,561,REJECTED
APP_000701,CUST_00087,2025-01-31,TARJETA,PARTNER,100000,3,359,REJECTED
APP_000702,CUST_00166,2025-05-13,CONSUMO,PARTNER,50000,3,507,APPROVED
APP_000703,CUST_00261,2025-09-16,CONSUMO,PARTNER,150000,3,625,REJECTED
APP_000704,CUST_00209,2025-11-21,PERSONAL,PARTNER,50000,9,867,PENDING
APP_000705,CUST_00285,2025-11-30,PERSONAL,APP,200000,12,385,REJECTED
APP_000706,CUST_00073,2025-07-11,TARJETA,PARTNER,750000,6,850,PENDING
APP_000707,CUST_00022,2025-01-01,CONSUMO,PARTNER,300000,9,471,APPROVED
APP_000708,CUST_00129,2025-12-15,CONSUMO,PARTNER,750000,24,517,REJECTED
APP_000709,CUST_00274,2025-10-16,PERSONAL,APP,200000,24,425,REJECTED
APP_000710,CUST_00222,2025-04-18,TARJETA,WEB,750000,9,650,APPROVED
APP_000711,CUST_00140,2025-05-06,TARJETA,PARTNER,150000,6,770,PENDING
APP_000712,CUST_00069,2025-11-27,PERSONAL,WEB,50000,3,477,REJECTED
APP_000713,CUST_00202,2025-10-03,PERSONAL,SUCURSAL,500000,24,379,REJECTED
APP_000714,CUST_00228,2025-12-11,PERSONAL,APP,750000,12,915,APPROVED
APP_000715,CUST_00005,2025-03-05,CONSUMO,APP,,12,309,REJECTED
APP_000716,CUST_00184,2025-04-09,PERSONAL,SUCURSAL,500000,9,526,APPROVED
APP_000717,CUST_00144,2025-09-10,TARJETA,SUCURSAL,100000,3,500,PENDING
APP_000718,CUST_00143,2025-10-19,TARJETA,WEB,300000,6,879,APPROVED
APP_000719,CUST_00066,2025-02-03,PERSONAL,APP,300000,6,835,APPROVED
APP_000720,CUST_00012,2025-12-21,TARJETA,WEB,,24,873,REJECTED
APP_000721,CUST_00027,2025-06-15,CONSUMO,SUCURSAL,200000,9,424,REJECTED
APP_000722,CUST_00023,2025-04-25,PERSONAL,APP,200000,18,759,APPROVED
APP_000723,CUST_00293,2025-01-13,TARJETA,APP,500000,12,376,PENDING
APP_000724,CUST_00033,2025-11-17,TARJETA,APP,200000,12,324,REJECTED
APP_000725,CUST_00129,2025-05-07,PERSONAL,WEB,150000,3,641,REJECTED
APP_000726,CUST_00225,2025-02-18,TARJETA,APP,50000,3,362,PENDING
APP_000727,CUST_00034,2025-03-07,PERSONAL,PARTNER,200000,3,608,REJECTED
APP_000728,CUST_00029,2025-10-14,PERSONAL,APP,200000,12,398,REJECTED
APP_000729,CUST_00006,2025-08-21,CONSUMO,WEB,200000,18,934,APPROVED
APP_000730,CUST_00014,2025-08-21,TARJETA,APP,100000,3,405,APPROVED
APP_000731,CUST_00100,2025-10-21,PERSONAL,WEB,150000,9,731,APPROVED
APP_000732,CUST_00071,2025-01-23,PERSONAL,APP,300000,12,825,PENDING
APP_000733,CUST_00278,2025-03-16,PERSONAL,WEB,,9,598,APPROVED
APP_000734,CUST_00075,2025-01-30,PERSONAL,WEB,750000,18,355,REJECTED
APP_000735,CUST_00104,2025-02-05,CONSUMO,APP,200000,24,778,APPROVED
APP_000736,CUST_00172,2025-11-12,CONSUMO,APP,100000,3,765,REJECTED
APP_000737,CUST_00002,2025-11-24,PERSONAL,WEB,200000,18,518,APPROVED
APP_000738,CUST_00170,2025-07-12,PERSONAL,APP,750000,3,671,APPROVED
APP_000739,CUST_00073,2025-05-29,CONSUMO,APP,300000,9,344,PENDING
APP_000740,CUST_00113,2025-05-15,TARJETA,APP,750000,18,551,APPROVED
APP_000741,CUST_00052,2025-01-11,TARJETA,APP,500000,3,646,PENDING
APP_000742,CUST_00191,2025-12-05,PERSONAL,PARTNER,750000,18,744,REJECTED
APP_000743,CUST_00067,2025-04-08,PERSONAL,WEB,500000,9,625,REJECTED
APP_000744,CUST_00024,2025-11-12,TARJETA,APP,300000,9,452,REJECTED
APP_000745,CUST_00065,2025-09-18,TARJETA,PARTNER,100000,24,383,REJECTED
APP_000746,CUST_00086,2025-09-18,CONSUMO,SUCURSAL,500000,18,683,APPROVED
APP_000747,CUST_00192,2025-09-27,TARJETA,WEB,200000,12,574,REJECTED
APP_000748,CUST_00019,2025-04-17,PERSONAL,PARTNER,200000,6,705,APPROVED
APP_000749,CUST_00081,2025-07-11,CONSUMO,WEB,100000,3,602,APPROVED
APP_000750,CUST_00239,2025-09-20,TARJETA,APP,200000,12,742,APPROVED
APP_000751,CUST_00196,2025-01-13,PERSONAL,APP,150000,24,377,REJECTED
APP_000752,CUST_00263,2025-10-07,TARJETA,APP,150000,6,400,APPROVED
APP_000753,CUST_00171,2025-04-11,TARJETA,APP,150000,24,581,APPROVED
APP_000754,CUST_00279,2025-05-14,PERSONAL,SUCURSAL,150000,9,713,PENDING
APP_000755,CUST_00007,2025-08-30,TARJETA,WEB,750000,6,707,APPROVED
APP_000756,CUST_00120,2025-09-22,TARJETA,SUCURSAL,750000,12,772,APPROVED
APP_000757,CUST_00220,2025-12-24,CONSUMO,APP,200000,18,330,REJECTED
APP_000758,CUST_00005,2025-09-13,TARJETA,SUCURSAL,150000,6,729,APPROVED
APP_000759,CUST_00276,2025-06-03,CONSUMO,WEB,300000,3,442,REJECTED
APP_000760,CUST_00294,2025-07-20,CONSUMO,APP,200000,3,847,APPROVED
APP_000761,CUST_00232,2025-11-24,CONSUMO,APP,50000,24,866,APPROVED
APP_000762,CUST_00014,2025-04-06,PERSONAL,APP,200000,9,510,APPROVED
APP_000763,CUST_00030,2025-07-08,TARJETA,APP,150000,12,700,APPROVED
APP_000764,CUST_00245,2025-02-05,CONSUMO,PARTNER,750000,6,433,REJECTED
APP_000765,CUST_00244,2025-03-23,TARJETA,WEB,150000,18,507,REJECTED
APP_000766,CUST_00004,2025-03-15,CONSUMO,APP,200000,18,552,REJECTED
APP_000767,CUST_00236,2025-08-25,TARJETA,APP,50000,9,767,APPROVED
APP_000768,CUST_00201,2025-11-10,PERSONAL,APP,100000,18,742,APPROVED
APP_000769,CUST_00292,2025-02-18,CONSUMO,WEB,50000,6,461,REJECTED
APP_000770,CUST_00035,2025-12-24,TARJETA,SUCURSAL,100000,12,721,PENDING
APP_000771,CUST_00040,2025-02-23,TARJETA,SUCURSAL,150000,12,761,APPROVED
APP_000772,CUST_00014,2025-02-07,TARJETA,WEB,500000,12,690,APPROVED
APP_000773,CUST_00020,2025-01-06,CONSUMO,APP,100000,9,775,APPROVED
APP_000774,CUST_00125,2025-08-13,PERSONAL,WEB,150000,6,474,REJECTED
APP_000775,CUST_00064,2025-10-01,TARJETA,APP,50000,24,311,REJECTED
APP_000776,CUST_00111,2025-01-18,TARJETA,WEB,200000,24,348,REJECTED
APP_000777,CUST_00053,2025-07-19,TARJETA,APP,50000,18,304,APPROVED
APP_000778,CUST_00128,2025-07-11,PERSONAL,APP,50000,12,328,PENDING
APP_000779,CUST_00033,2025-04-23,PERSONAL,SUCURSAL,750000,24,471,REJECTED
APP_000780,CUST_00168,2025-06-15,TARJETA,WEB,300000,6,854,APPROVED
APP_000781,CUST_00055,2025-07-02,CONSUMO,APP,200000,24,623,APPROVED
APP_000782,CUST_00143,2025-11-29,TARJETA,APP,50000,6,720,APPROVED
APP_000783,CUST_00053,2025-12-31,TARJETA,SUCURSAL,750000,18,475,REJECTED
APP_000784,CUST_00199,2025-12-14,TARJETA,APP,100000,24,625,PENDING
APP_000785,CUST_00010,2025-11-08,TARJETA,APP,300000,24,538,REJECTED
APP_000786,CUST_00011,2025-11-12,PERSONAL,APP,500000,12,549,REJECTED
APP_000787,CUST_00152,2025-04-14,PERSONAL,APP,500000,3,543,PENDING
APP_000788,CUST_00169,2025-03-10,CONSUMO,APP,750000,3,833,REJECTED
APP_000789,CUST_00013,2025-04-28,TARJETA,APP,100000,6,852,APPROVED
APP_000790,CUST_00114,2025-11-08,CONSUMO,WEB,100000,12,944,APPROVED
APP_000791,CUST_00099,2025-01-27,TARJETA,PARTNER,100000,6,393,REJECTED
APP_000792,CUST_00105,2025-05-01,TARJETA,APP,500000,12,618,APPROVED
APP_000793,CUST_00128,2025-06-05,CONSUMO,WEB,500000,6,578,REJECTED
APP_000794,CUST_00185,2025-07-23,CONSUMO,APP,200000,12,817,APPROVED
APP_000795,CUST_00247,2025-01-11,CONSUMO,APP,50000,9,909,APPROVED
APP_000796,CUST_00195,2025-08-26,CONSUMO,WEB,200000,18,920,APPROVED
APP_000797,CUST_00101,2025-03-21,PERSONAL,APP,750000,18,683,APPROVED
APP_000798,CUST_00192,2025-07-16,CONSUMO,APP,300000,3,718,REJECTED
APP_000799,CUST_00290,2025-03-25,PERSONAL,SUCURSAL,150000,24,656,APPROVED
APP_000800,CUST_00030,2025-11-30,CONSUMO,PARTNER,500000,6,548,REJECTED
APP_000724,CUST_00033,2025-11-17,TARJETA,APP,200000,12,324,REJECTED
APP_000693,CUST_00194,2025-09-01,TARJETA,SUCURSAL,100000,6,816,APPROVED
APP_000029,CUST_00156,2025-11-11,TARJETA,APP,500000,6,906,PENDING
APP_000715,CUST_00005,2025-03-05,CONSUMO,APP,,12,309,REJECTED
APP_000682,CUST_00064,2025-01-25,TARJETA,PARTNER,200000,9,886,APPROVED
APP_000661,CUST_00214,2025-08-31,PERSONAL,WEB,500000,9,759,APPROVED
APP_000152,CUST_00152,2025-11-27,PERSONAL,SUCURSAL,750000,6,806,APPROVED
APP_000268,CUST_00222,2025-10-27,CONSUMO,PARTNER,750000,6,892,APPROVED
APP_000620,CUST_00067,2025-11-01,TARJETA,APP,150000,12,789,REJECTED
APP_000467,CUST_00273,2025-08-25,CONSUMO,WEB,100000,18,549,REJECTED
